Book title, Category, Price, Image URL
A Light in the Attic, Poetry, �51.77, http://books.toscrape.com/../media/cache/2c/da/2cdad67c44b002e7ead0cc35693c0e8b.jpg
Tipping the Velvet, Historical Fiction, �53.74, http://books.toscrape.com/../media/cache/26/0c/260c6ae16bce31c8f8c95daddd9f4a1c.jpg
Soumission, Fiction, �50.10, http://books.toscrape.com/../media/cache/3e/ef/3eef99c9d9adef34639f510662022830.jpg
Sharp Objects, Mystery, �47.82, http://books.toscrape.com/../media/cache/32/51/3251cf3a3412f53f339e42cac2134093.jpg
Sapiens: A Brief History of Humankind, History, �54.23, http://books.toscrape.com/../media/cache/be/a5/bea5697f2534a2f86a3ef27b5a8c12a6.jpg
The Requiem Red, Young Adult, �22.65, http://books.toscrape.com/../media/cache/68/33/68339b4c9bc034267e1da611ab3b34f8.jpg
The Dirty Little Secrets of Getting Your Dream Job, Business, �33.34, http://books.toscrape.com/../media/cache/92/27/92274a95b7c251fea59a2b8a78275ab4.jpg
The Boys in the Boat: Nine Americans and Their Epic Quest for Gold at the 1936 Berlin Olympics, Default, �22.60, http://books.toscrape.com/../media/cache/66/88/66883b91f6804b2323c8369331cb7dd1.jpg
The Black Maria, Poetry, �52.15, http://books.toscrape.com/../media/cache/58/46/5846057e28022268153beff6d352b06c.jpg
Shakespeare's Sonnets, Poetry, �20.66, http://books.toscrape.com/../media/cache/10/48/1048f63d3b5061cd2f424d20b3f9b666.jpg
Set Me Free, Young Adult, �17.46, http://books.toscrape.com/../media/cache/5b/88/5b88c52633f53cacf162c15f4f823153.jpg
Scott Pilgrim's Precious Little Life (Scott Pilgrim #1), Sequential Art, �52.29, http://books.toscrape.com/../media/cache/94/b1/94b1b8b244bce9677c2f29ccc890d4d2.jpg
Rip it Up and Start Again, Music, �35.02, http://books.toscrape.com/../media/cache/81/c4/81c4a973364e17d01f217e1188253d5e.jpg
Olio, Poetry, �23.88, http://books.toscrape.com/../media/cache/55/33/553310a7162dfbc2c6d19a84da0df9e1.jpg
Mesaerion: The Best Science Fiction Stories 1800-1849, Science Fiction, �37.59, http://books.toscrape.com/../media/cache/09/a3/09a3aef48557576e1a85ba7efea8ecb7.jpg
Libertarianism for Beginners, Politics, �51.33, http://books.toscrape.com/../media/cache/0b/bc/0bbcd0a6f4bcd81ccb1049a52736406e.jpg
It's Only the Himalayas, Travel, �45.17, http://books.toscrape.com/../media/cache/27/a5/27a53d0bb95bdd88288eaf66c9230d7e.jpg
In Her Wake, Thriller, �12.84, http://books.toscrape.com/../media/cache/5d/72/5d72709c6a7a9584a4d1cf07648bfce1.jpg
How Music Works, Music, �37.32, http://books.toscrape.com/../media/cache/5c/c8/5cc8e107246cb478960d4f0aba1e1c8e.jpg
Chase Me (Paris Nights #2), Romance, �25.27, http://books.toscrape.com/../media/cache/9c/2e/9c2e0eb8866b8e3f3b768994fd3d1c1a.jpg
Black Dust, Romance, �34.53, http://books.toscrape.com/../media/cache/44/cc/44ccc99c8f82c33d4f9d2afa4ef25787.jpg
Birdsong: A Story in Pictures, Childrens, �54.64, http://books.toscrape.com/../media/cache/af/6e/af6e796160fe63e0cf19d44395c7ddf2.jpg
America's Cradle of Quarterbacks: Western Pennsylvania's Football Factory from Johnny Unitas to Joe Montana, Default, �22.50, http://books.toscrape.com/../media/cache/ef/0b/ef0bed08de4e083dba5e20fdb98d9c36.jpg
Aladdin and His Wonderful Lamp, Default, �53.13, http://books.toscrape.com/../media/cache/d6/da/d6da0371958068bbaf39ea9c174275cd.jpg
Worlds Elsewhere: Journeys Around Shakespeare�s Globe, Nonfiction, �40.30, http://books.toscrape.com/../media/cache/2e/98/2e98c332bf8563b584784971541c4445.jpg
Wall and Piece, Art, �44.18, http://books.toscrape.com/../media/cache/a5/41/a5416b9646aaa7287baa287ec2590270.jpg
The Four Agreements: A Practical Guide to Personal Freedom, Spirituality, �17.66, http://books.toscrape.com/../media/cache/0f/7e/0f7ee69495c0df1d35723f012624a9f8.jpg
The Five Love Languages: How to Express Heartfelt Commitment to Your Mate, Nonfiction, �31.05, http://books.toscrape.com/../media/cache/38/c5/38c56fba316c07305643a8065269594e.jpg
The Elephant Tree, Thriller, �23.82, http://books.toscrape.com/../media/cache/5d/7e/5d7ecde8e81513eba8a64c9fe000744b.jpg
The Bear and the Piano, Childrens, �36.89, http://books.toscrape.com/../media/cache/cf/bb/cfbb5e62715c6d888fd07794c9bab5d6.jpg
Sophie's World, Philosophy, �15.94, http://books.toscrape.com/../media/cache/65/71/6571919836ec51ed54f0050c31d8a0cd.jpg
Penny Maybe, Default, �33.29, http://books.toscrape.com/../media/cache/12/53/1253c21c5ef3c6d075c5fa3f5fecee6a.jpg
Maude (1883-1993):She Grew Up with the country, Default, �18.02, http://books.toscrape.com/../media/cache/f5/88/f5889d038f5d8e949b494d147c2dcf54.jpg
Behind Closed Doors, Thriller, �52.22, http://books.toscrape.com/../media/cache/e1/5c/e15c289ba58cea38519e1281e859f0c1.jpg
You can't bury them all: Poems, Poetry, �33.63, http://books.toscrape.com/../media/cache/e9/20/e9203b733126c4a0832a1c7885dc27cf.jpg
Slow States of Collapse: Poems, Poetry, �57.31, http://books.toscrape.com/../media/cache/72/41/72417db983862010ef0c1a25de98c7d7.jpg
Reasons to Stay Alive, Nonfiction, �26.41, http://books.toscrape.com/../media/cache/cb/bd/cbbdb0222ee8a0f6ab61657412a15794.jpg
Private Paris (Private #10), Fiction, �47.61, http://books.toscrape.com/../media/cache/9d/05/9d0533bae1578846d728a82913b95c26.jpg
#HigherSelfie: Wake Up Your Life. Free Your Soul. Find Your Tribe., Nonfiction, �23.11, http://books.toscrape.com/../media/cache/9c/46/9c463c7631c82401160fd3b554b8f0e1.jpg
Without Borders (Wanderlove #1), New Adult, �45.07, http://books.toscrape.com/../media/cache/24/e2/24e2f5c9d325c4004d8190c054da86dd.jpg
When We Collided, Contemporary, �31.77, http://books.toscrape.com/../media/cache/08/04/08044269fc197645268a6197c57e6173.jpg
Untitled Collection: Sabbath Poems 2014, Poetry, �14.27, http://books.toscrape.com/../media/cache/f9/3b/f93b4a650f03a5d21f2436d7813f42c2.jpg
Unicorn Tracks, Fantasy, �18.78, http://books.toscrape.com/../media/cache/76/8e/768ea5924ac1ef6297c2be9959c796c2.jpg
Tsubasa: WoRLD CHRoNiCLE 2 (Tsubasa WoRLD CHRoNiCLE #2), Sequential Art, �16.28, http://books.toscrape.com/../media/cache/36/df/36df4caaf1420b1183a8235355d39e69.jpg
Throwing Rocks at the Google Bus: How Growth Became the Enemy of Prosperity, Nonfiction, �31.12, http://books.toscrape.com/../media/cache/03/86/038650c9e7517b4baf2a423cd8eed38f.jpg
This One Summer, Sequential Art, �19.49, http://books.toscrape.com/../media/cache/c4/dd/c4ddd9ced89966b0602ec85e00cd5b61.jpg
Thirst, Fiction, �17.27, http://books.toscrape.com/../media/cache/c4/0a/c40a64f59e7487b1a80a049f6ceb2ba5.jpg
The Torch Is Passed: A Harding Family Story, Add a comment, �19.09, http://books.toscrape.com/../media/cache/33/e5/33e507172541628acfd421503196b578.jpg
The Secret of Dreadwillow Carse, Childrens, �56.13, http://books.toscrape.com/../media/cache/c4/a2/c4a2a1a026c67bcceb5a411c724d7d0c.jpg
The Past Never Ends, Mystery, �56.50, http://books.toscrape.com/../media/cache/89/b8/89b850edb01851a91f64ba114b96acb6.jpg
The Natural History of Us (The Fine Art of Pretending #2), Young Adult, �45.22, http://books.toscrape.com/../media/cache/5d/7f/5d7f496cdf5e5962a73ecdcc1505c1d5.jpg
The Nameless City (The Nameless City #1), Sequential Art, �38.16, http://books.toscrape.com/../media/cache/f4/79/f479de5f305c2ac0512702cf7155bb74.jpg
The Murder That Never Was (Forensic Instincts #5), Fiction, �54.11, http://books.toscrape.com/../media/cache/dc/44/dc44f8e2aebac48ca8553814d9b021a8.jpg
The Most Perfect Thing: Inside (and Outside) a Bird's Egg, Science, �42.96, http://books.toscrape.com/../media/cache/d4/8d/d48d5122a15347e9fe2b15ad354d69bf.jpg
The Life-Changing Magic of Tidying Up: The Japanese Art of Decluttering and Organizing, Nonfiction, �16.77, http://books.toscrape.com/../media/cache/95/64/95647d6a526bf54120b9445e124794e1.jpg
The Gutsy Girl: Escapades for Your Life of Epic Adventure, Nonfiction, �37.13, http://books.toscrape.com/../media/cache/64/15/641570cd7e7aded53c7d33d78a9629f1.jpg
The Electric Pencil: Drawings from Inside State Hospital No. 3, Nonfiction, �56.06, http://books.toscrape.com/../media/cache/2e/23/2e236e23ad52aa74505f224f6552eda8.jpg
The Death of Humanity: and the Case for Life, Philosophy, �58.11, http://books.toscrape.com/../media/cache/71/df/71df730cf38c232ee58a2e407135f055.jpg
The Art Forger, Add a comment, �40.76, http://books.toscrape.com/../media/cache/70/fa/70fa6c0437d9c97dbeada6bd32bf9d2c.jpg
The Age of Genius: The Seventeenth Century and the Birth of the Modern Mind, History, �19.73, http://books.toscrape.com/../media/cache/2d/4e/2d4e358712e6c9f1d3bdd78d1a16e5a8.jpg
The Activist's Tao Te Ching: Ancient Advice for a Modern Revolution, Spirituality, �32.24, http://books.toscrape.com/../media/cache/96/db/96db61bb53930c560fb4c1c62b583816.jpg
Spark Joy: An Illustrated Master Class on the Art of Organizing and Tidying Up, Nonfiction, �41.83, http://books.toscrape.com/../media/cache/f3/4f/f34ffb24cc21c9f9f52dad4fd8f3ac21.jpg
Soul Reader, Default, �39.58, http://books.toscrape.com/../media/cache/69/85/69852567cf97264a1442cbc882c84903.jpg
Security, Horror, �39.25, http://books.toscrape.com/../media/cache/da/df/dadfac66a89774b46b10225362724c83.jpg
Reskilling America: Learning to Labor in the Twenty-First Century, Nonfiction, �19.83, http://books.toscrape.com/../media/cache/97/f8/97f8debeeaaece9603267653076e760f.jpg
Princess Between Worlds (Wide-Awake Princess #5), Fantasy, �13.34, http://books.toscrape.com/../media/cache/b7/e8/b7e84b78be3d9bb79b71156a5e5d4e42.jpg
Patience, Sequential Art, �10.16, http://books.toscrape.com/../media/cache/01/72/01726c619a05114dca75bd840095016d.jpg
orange: The Complete Collection 1 (orange: The Complete Collection #1), Sequential Art, �48.41, http://books.toscrape.com/../media/cache/03/88/03886a8502ca54dbce0d91c2568ab69d.jpg
Online Marketing for Busy Authors: A Step-By-Step Guide, Self Help, �46.35, http://books.toscrape.com/../media/cache/ea/9b/ea9b2cb8abbb317402e618445bade1e1.jpg
On a Midnight Clear, Add a comment, �14.07, http://books.toscrape.com/../media/cache/a1/14/a114d70e7babf110ba42a389078e9a45.jpg
Obsidian (Lux #1), Young Adult, �14.86, http://books.toscrape.com/../media/cache/fc/72/fc72f158554b4b4164701e1dfa1153c7.jpg
My Paris Kitchen: Recipes and Stories, Food and Drink, �33.37, http://books.toscrape.com/../media/cache/f5/65/f565af3d9dd20a1ad72a1e7c4157387d.jpg
Masks and Shadows, Fantasy, �56.40, http://books.toscrape.com/../media/cache/ff/e8/ffe81bf98f8386ef29e193abfb6f9c1e.jpg
Lumberjanes Vol. 3: A Terrible Plan (Lumberjanes #9-12), Sequential Art, �19.92, http://books.toscrape.com/../media/cache/5f/b1/5fb1bf88dcfda795606745ce35be5975.jpg
Judo: Seven Steps to Black Belt (an Introductory Guide for Beginners), Add a comment, �53.90, http://books.toscrape.com/../media/cache/5f/52/5f52b1bc6d45daab2e330c744feb0359.jpg
Join, Science Fiction, �35.67, http://books.toscrape.com/../media/cache/93/63/9363f0065fbad5689f44fcf6e203eef3.jpg
In the Country We Love: My Family Divided, Nonfiction, �22.00, http://books.toscrape.com/../media/cache/fe/ea/feeafd2ad7b3077f8e74cbb1da9e3c7d.jpg
Immunity: How Elie Metchnikoff Changed the Course of Modern Medicine, Science, �57.36, http://books.toscrape.com/../media/cache/26/1c/261c4eaf957ae4aacf2229b482e76dbe.jpg
I am a Hero Omnibus Volume 1, Sequential Art, �54.63, http://books.toscrape.com/../media/cache/16/d4/16d443437126bf6d536a89312c1995a5.jpg
How to Be Miserable: 40 Strategies You Already Use, Self Help, �46.03, http://books.toscrape.com/../media/cache/da/8b/da8bc9b824dd3f446ef63e438ddbfc85.jpg
Her Backup Boyfriend (The Sorensen Family #1), Romance, �33.97, http://books.toscrape.com/../media/cache/1e/bb/1ebbbc3e2d3249b111033cfc40763b0b.jpg
Forever and Forever: The Courtship of Henry Longfellow and Fanny Appleton, Historical Fiction, �29.69, http://books.toscrape.com/../media/cache/d6/58/d658a1485b130ff26ca5fb0d5975ed2e.jpg
First and First (Five Boroughs #3), Romance, �15.97, http://books.toscrape.com/../media/cache/c4/d1/c4d1517cc9370e292366b6132ca9ca36.jpg
Fifty Shades Darker (Fifty Shades #2), Romance, �21.96, http://books.toscrape.com/../media/cache/cc/bd/ccbdae9e29b3594301528fa2c876ec29.jpg
Everydata: The Misinformation Hidden in the Little Data You Consume Every Day, Nonfiction, �54.35, http://books.toscrape.com/../media/cache/64/94/6494bf61176ca73b61255909230030be.jpg
Danganronpa Volume 1, Sequential Art, �51.99, http://books.toscrape.com/../media/cache/78/97/7897eea91c4a85aca58d925861d4afec.jpg
Crown of Midnight (Throne of Glass #2), Fantasy, �43.29, http://books.toscrape.com/../media/cache/66/25/6625e3bbb050de3e42a0c302c0d69f1f.jpg
Camp Midnight, Sequential Art, �17.08, http://books.toscrape.com/../media/cache/dd/c9/ddc95df6754df8e71bf969c088056188.jpg
Call the Nurse: True Stories of a Country Nurse on a Scottish Isle, Nonfiction, �29.14, http://books.toscrape.com/../media/cache/88/9e/889e0bac4c7c0e7178f0165b8d3b4617.jpg
Burning, Young Adult, �28.81, http://books.toscrape.com/../media/cache/26/95/269507c7bb35d2cec9b61a03d1c28e67.jpg
Bossypants, Default, �49.46, http://books.toscrape.com/../media/cache/27/d2/27d20361745ec2f7be668b18a4da29da.jpg
Algorithms to Live By: The Computer Science of Human Decisions, Nonfiction, �30.81, http://books.toscrape.com/../media/cache/23/b4/23b42e094c02d52b14b11a960d49610e.jpg
A World of Flavor: Your Gluten Free Passport, Default, �42.95, http://books.toscrape.com/../media/cache/78/2e/782e315667ec50759b8603527ee33dec.jpg
A Murder in Time, Mystery, �16.64, http://books.toscrape.com/../media/cache/11/aa/11aaad48b5f15e262456ca65294084da.jpg
A Flight of Arrows (The Pathfinders #2), Historical Fiction, �55.53, http://books.toscrape.com/../media/cache/82/96/8296f92b70fb1dafefecda92c1d51941.jpg
A Fierce and Subtle Poison, Young Adult, �28.13, http://books.toscrape.com/../media/cache/12/f1/12f1963957f27fa83d51f76b183ef490.jpg
A Court of Thorns and Roses (A Court of Thorns and Roses #1), Fantasy, �52.37, http://books.toscrape.com/../media/cache/c0/88/c08816960890396213a423941af65b8f.jpg
(Un)Qualified: How God Uses Broken People to Do Big Things, Christian, �54.00, http://books.toscrape.com/../media/cache/cd/db/cddb3eb483ef11a088d519205b7098fb.jpg
You Are What You Love: The Spiritual Power of Habit, Religion, �21.87, http://books.toscrape.com/../media/cache/6b/70/6b70f2cdb17d9ab7551240a88b9211fe.jpg
Tuesday Nights in 1980, Fiction, �21.04, http://books.toscrape.com/../media/cache/6b/da/6bdae061cb92c32b0b83cda8dd10275d.jpg
Tracing Numbers on a Train, Default, �41.60, http://books.toscrape.com/../media/cache/06/a6/06a6cfcf89afd1601cbba1a16cda57fb.jpg
Throne of Glass (Throne of Glass #1), Fantasy, �35.07, http://books.toscrape.com/../media/cache/32/d6/32d6aa560e8ddf2a4da1526b95d4c7ab.jpg
Thomas Jefferson and the Tripoli Pirates: The Forgotten War That Changed American History, History, �59.64, http://books.toscrape.com/../media/cache/97/47/974709d437b08e74649b5744471bf472.jpg
Thirteen Reasons Why, Default, �52.72, http://books.toscrape.com/../media/cache/8a/83/8a83b6ce350f01bab21f85e6ba539316.jpg
The White Cat and the Monk: A Retelling of the Poem �Pangur B�n�, Childrens, �58.08, http://books.toscrape.com/../media/cache/26/32/2632a1e12f2c085fabbe022ae4cd6933.jpg
The Wedding Dress, Romance, �24.12, http://books.toscrape.com/../media/cache/28/99/28992d89f4abf54fba183fc8d074adf3.jpg
The Vacationers, Fiction, �42.15, http://books.toscrape.com/../media/cache/37/25/372578cc073efae80cf284b56040a488.jpg
The Third Wave: An Entrepreneur�s Vision of the Future, Business, �12.61, http://books.toscrape.com/../media/cache/d0/77/d077a30042df6b916bfc8d257345c69e.jpg
The Stranger, Philosophy, �17.44, http://books.toscrape.com/../media/cache/ea/04/ea0476a6f4c318ceccf5e2f2b39f2b15.jpg
The Shadow Hero (The Shadow Hero), Sequential Art, �33.14, http://books.toscrape.com/../media/cache/1f/62/1f621dda1b302fc16d83d94b0b5ac31c.jpg
The Secret (The Secret #1), Default, �27.37, http://books.toscrape.com/../media/cache/4e/0f/4e0f05ae01d8fb6bd0d3901edd06de16.jpg
The Regional Office Is Under Attack!, Fiction, �51.36, http://books.toscrape.com/../media/cache/f8/31/f8314c7fdaa79fb7191a583e9a852db8.jpg
The Psychopath Test: A Journey Through the Madness Industry, Default, �36.00, http://books.toscrape.com/../media/cache/34/f5/34f5f8e513c5f048241f5695e61b2483.jpg
The Project, Science Fiction, �10.65, http://books.toscrape.com/../media/cache/10/6e/106e2fc7160712edf8e2ff996dc8cd6c.jpg
The Power of Now: A Guide to Spiritual Enlightenment, Nonfiction, �43.54, http://books.toscrape.com/../media/cache/03/38/0338682e76bad3216cd4c6c28b2b625a.jpg
The Omnivore's Dilemma: A Natural History of Four Meals, Nonfiction, �38.21, http://books.toscrape.com/../media/cache/14/f3/14f3d525e2a114cd71e27201a16af188.jpg
The Nerdy Nummies Cookbook: Sweet Treats for the Geek in All of Us, Food and Drink, �37.34, http://books.toscrape.com/../media/cache/61/bd/61bdfe3950643c47d70c37c4123530f3.jpg
The Murder of Roger Ackroyd (Hercule Poirot #4), Mystery, �44.10, http://books.toscrape.com/../media/cache/29/fe/29fe70b1b2e5a9ba61d4bd331255e19e.jpg
The Mistake (Off-Campus #2), New Adult, �43.29, http://books.toscrape.com/../media/cache/a5/43/a543b100a8c1861c1bf5374ca6b576fe.jpg
The Matchmaker's Playbook (Wingmen Inc. #1), New Adult, �55.85, http://books.toscrape.com/../media/cache/84/ac/84acb0606c96e55dc729a9d6572a08fb.jpg
The Love and Lemons Cookbook: An Apple-to-Zucchini Celebration of Impromptu Cooking, Food and Drink, �37.60, http://books.toscrape.com/../media/cache/0d/1f/0d1f3f934460f5a50aaa8c366641234c.jpg
The Long Shadow of Small Ghosts: Murder and Memory in an American City, Crime, �10.97, http://books.toscrape.com/../media/cache/f2/e5/f2e51dd2b26600459f8eaeb6b9eecaa7.jpg
The Kite Runner, Default, �41.82, http://books.toscrape.com/../media/cache/58/9d/589d73503d9a23d224de836134fae553.jpg
The House by the Lake, Historical Fiction, �36.95, http://books.toscrape.com/../media/cache/0d/cb/0dcb33d60b0e79adf8ab9842e697ea2e.jpg
The Glittering Court (The Glittering Court #1), Fantasy, �44.28, http://books.toscrape.com/../media/cache/3e/0b/3e0b16851bec08b6cbf78d5f64af9114.jpg
The Girl on the Train, Default, �55.02, http://books.toscrape.com/../media/cache/25/6c/256c946dd0962095f66c6de3b15ab300.jpg
The Genius of Birds, Nonfiction, �17.24, http://books.toscrape.com/../media/cache/13/57/1357c6aa40c9e63d2f931927fbf81f3f.jpg
The Emerald Mystery, Default, �23.15, http://books.toscrape.com/../media/cache/81/58/81586cd0bf8743e1f5ed80b6a0e1fabe.jpg
The Cookies & Cups Cookbook: 125+ sweet & savory recipes reminding you to Always Eat Dessert First, Food and Drink, �41.25, http://books.toscrape.com/../media/cache/54/89/54899b4584e941ceced511d81092c88a.jpg
The Bridge to Consciousness: I'm Writing the Bridge Between Science and Our Old and New Beliefs., Default, �32.00, http://books.toscrape.com/../media/cache/fe/b7/feb764b2afa54991cfdbbffdf501b333.jpg
The Artist's Way: A Spiritual Path to Higher Creativity, Nonfiction, �38.49, http://books.toscrape.com/../media/cache/0e/6d/0e6dc2484322c5b9e7854ced66fdf62d.jpg
The Art of War, Default, �33.34, http://books.toscrape.com/../media/cache/6d/71/6d71e36c8b1b9c885e1bb6c72cd8bcf8.jpg
The Argonauts, Autobiography, �10.93, http://books.toscrape.com/../media/cache/0a/15/0a1567cd04a6582d333db71337b4e2a6.jpg
The 10% Entrepreneur: Live Your Startup Dream Without Quitting Your Day Job, Business, �27.55, http://books.toscrape.com/../media/cache/82/93/82939ca78da0b724f16ec814849514fd.jpg
Suddenly in Love (Lake Haven #1), Romance, �55.99, http://books.toscrape.com/../media/cache/e9/f4/e9f4bc8cf5ffaea1504623c936e90a48.jpg
Something More Than This, Romance, �16.24, http://books.toscrape.com/../media/cache/59/10/5910fbd8a95e8e9de9c660b71e0694e2.jpg
Soft Apocalypse, Science Fiction, �26.12, http://books.toscrape.com/../media/cache/f0/06/f0060c756556b855184fa32f66280961.jpg
So You've Been Publicly Shamed, Nonfiction, �12.23, http://books.toscrape.com/../media/cache/6e/d4/6ed4991d97f60db29ec7b421e61a2cf3.jpg
Shoe Dog: A Memoir by the Creator of NIKE, Business, �23.99, http://books.toscrape.com/../media/cache/19/aa/19aa1184a3565b1dae6092146018e109.jpg
Scarlett Epstein Hates It Here, Young Adult, �43.55, http://books.toscrape.com/../media/cache/0f/d3/0fd306891f8fd3196653022fd67d6c87.jpg
Romero and Juliet: A Tragic Tale of Love and Zombies, Default, �36.94, http://books.toscrape.com/../media/cache/12/f8/12f8002e5aab6d783e29b31aad36b5ba.jpg
Redeeming Love, Christian Fiction, �20.47, http://books.toscrape.com/../media/cache/21/21/2121ba78e26194d92c334fde3850f840.jpg
Poses for Artists Volume 1 - Dynamic and Sitting Poses: An Essential Reference for Figure Drawing and the Human Form, Default, �41.06, http://books.toscrape.com/../media/cache/5a/89/5a89e2dd7866dda6660fe508bc4b5249.jpg
Poems That Make Grown Women Cry, Poetry, �14.19, http://books.toscrape.com/../media/cache/38/64/386468a8c3e6b880664bf7885bf6f726.jpg
Night Sky with Exit Wounds, Poetry, �41.05, http://books.toscrape.com/../media/cache/25/54/2554431c797ec725eea50b3f8a83758c.jpg
Mrs. Houdini, Historical Fiction, �30.25, http://books.toscrape.com/../media/cache/0e/fe/0efe86960cdff718aed01a5c3f65b1c3.jpg
Modern Romance, Add a comment, �28.26, http://books.toscrape.com/../media/cache/28/78/2878538a1039d9c4649110499a1393fb.jpg
Miss Peregrine�s Home for Peculiar Children (Miss Peregrine�s Peculiar Children #1), Default, �10.76, http://books.toscrape.com/../media/cache/01/26/01264865c12ed6d987d6f0858cd1d0ba.jpg
Louisa: The Extraordinary Life of Mrs. Adams, Biography, �16.85, http://books.toscrape.com/../media/cache/6f/d9/6fd92e5143cbd5bb8bcf034e5f007dde.jpg
Little Red, Childrens, �13.47, http://books.toscrape.com/../media/cache/80/25/8025b80a40178f2a6dd4f99ad88e0fba.jpg
Library of Souls (Miss Peregrine�s Peculiar Children #3), Young Adult, �48.56, http://books.toscrape.com/../media/cache/f8/54/f85417465a73e33604624205ba8306cc.jpg
Large Print Heart of the Pride, Default, �19.15, http://books.toscrape.com/../media/cache/bd/e9/bde95ab9f776c911a7aa759cad60bb41.jpg
I Had a Nice Time And Other Lies...: How to find love & sh*t like that, Womens Fiction, �57.36, http://books.toscrape.com/../media/cache/5f/72/5f72c8a0d5a7292e2929a354ec8a022f.jpg
Hollow City (Miss Peregrine�s Peculiar Children #2), Fantasy, �42.98, http://books.toscrape.com/../media/cache/e2/60/e260b008b7ea7970562295b7bc64b0cb.jpg
Grumbles, Default, �22.16, http://books.toscrape.com/../media/cache/d6/1b/d61b12ef0e69d49e2645537dd6a8472a.jpg
Full Moon over Noah�s Ark: An Odyssey to Mount Ararat and Beyond, Travel, �49.43, http://books.toscrape.com/../media/cache/57/77/57770cac1628f4407636635f4b85e88c.jpg
Frostbite (Vampire Academy #2), Young Adult, �29.99, http://books.toscrape.com/../media/cache/71/76/7176317f1915fa0658bb2fe400441207.jpg
Follow You Home, Horror, �21.36, http://books.toscrape.com/../media/cache/a7/4b/a74b35375ce874153fd352e33bc7bac9.jpg
First Steps for New Christians (Print Edition), Default, �29.00, http://books.toscrape.com/../media/cache/f1/73/f1731459b1e2f4becf2c52b8f30b8cd7.jpg
Finders Keepers (Bill Hodges Trilogy #2), Fiction, �53.53, http://books.toscrape.com/../media/cache/6a/81/6a81103b1c01a3f6c56e5718a838a4c8.jpg
Eureka Trivia 6.0, Default, �54.59, http://books.toscrape.com/../media/cache/96/17/96173470df6fc6fef4d0008e957653ce.jpg
Drive: The Surprising Truth About What Motivates Us, Default, �34.95, http://books.toscrape.com/../media/cache/8a/49/8a490347afdc10abe7c2099e466de32f.jpg
Done Rubbed Out (Reightman & Bailey #1), Default, �37.72, http://books.toscrape.com/../media/cache/08/4d/084da0199a717cb6c1eda30f98d0ea4c.jpg
Doing It Over (Most Likely To #1), Romance, �35.61, http://books.toscrape.com/../media/cache/e9/25/e9250495a525eb203652ad9da85ccb8e.jpg
Dark Notes, Erotica, �19.19, http://books.toscrape.com/../media/cache/6e/4e/6e4e8f4f4abd94356a9be840e4681e65.jpg
Close to You, Christian Fiction, �49.46, http://books.toscrape.com/../media/cache/fa/f6/faf6d69a42f477e1da80a71f05a4dc25.jpg
Chasing Heaven: What Dying Taught Me About Living, Spirituality, �37.80, http://books.toscrape.com/../media/cache/b7/6a/b76a73640d26b09c4a6f373b09050bed.jpg
Big Magic: Creative Living Beyond Fear, Nonfiction, �30.80, http://books.toscrape.com/../media/cache/62/ad/62ad9b4077416ddc0c4908062bca0e5e.jpg
Becoming Wise: An Inquiry into the Mystery and Art of Living, Nonfiction, �27.43, http://books.toscrape.com/../media/cache/ff/69/ff69c96b05affa03f647287e46210bf9.jpg
Beauty Restored (Riley Family Legacy Novellas #3), Default, �11.11, http://books.toscrape.com/../media/cache/51/6f/516f605a957a1f5592b81f4e06c491bb.jpg
Batman: The Long Halloween (Batman), Sequential Art, �36.50, http://books.toscrape.com/../media/cache/78/a7/78a7f184a4d6d62412861c68f1c3ad90.jpg
Batman: The Dark Knight Returns (Batman), Sequential Art, �15.38, http://books.toscrape.com/../media/cache/be/a9/bea95dbd7b2a843519c9a1dcfc433f9b.jpg
Ayumi's Violin, Default, �15.48, http://books.toscrape.com/../media/cache/fa/18/fa18c44fba20b8191f6a88e2e28092fd.jpg
Anonymous, Default, �46.82, http://books.toscrape.com/../media/cache/fb/75/fb75a0ce3e0b01fa3852806c6d1f1af6.jpg
Amy Meets the Saints and Sages, Default, �18.46, http://books.toscrape.com/../media/cache/00/53/0053efa8515b8e2ad9b029c298766e9f.jpg
Amid the Chaos, Cultural, �36.58, http://books.toscrape.com/../media/cache/52/46/524655fade1d9fe1475395a3eaff827a.jpg
Amatus, Default, �50.54, http://books.toscrape.com/../media/cache/8f/92/8f92c3b5dc8f5c1a23324bda7477b19c.jpg
Agnostic: A Spirited Manifesto, Nonfiction, �12.51, http://books.toscrape.com/../media/cache/9f/fc/9ffc43826233092d2acb4414f86627eb.jpg
Zealot: The Life and Times of Jesus of Nazareth, History, �24.70, http://books.toscrape.com/../media/cache/3d/60/3d6003fc37b842a07c2dbe28e47448e1.jpg
You (You #1), Thriller, �43.61, http://books.toscrape.com/../media/cache/d6/97/d697268540fa982f4dce39f61ed3a342.jpg
Wild Swans, Young Adult, �14.36, http://books.toscrape.com/../media/cache/bb/72/bb723ad463531c602ad8bcb244253bf3.jpg
Why the Right Went Wrong: Conservatism--From Goldwater to the Tea Party and Beyond, Politics, �52.65, http://books.toscrape.com/../media/cache/db/1b/db1babd3c09b84da800b0e9897fe0097.jpg
Whole Lotta Creativity Going On: 60 Fun and Unusual Exercises to Awaken and Strengthen Your Creativity, Nonfiction, �38.20, http://books.toscrape.com/../media/cache/ba/36/ba368dfb2b6ae9979ff59d049c626167.jpg
What's It Like in Space?: Stories from Astronauts Who've Been There, Nonfiction, �19.60, http://books.toscrape.com/../media/cache/43/b7/43b70859e93901b019791cef86539ffc.jpg
Walt Disney's Alice in Wonderland, Childrens, �12.96, http://books.toscrape.com/../media/cache/28/50/2850439c2ba103fb69dba9cd2dd9f0c2.jpg
V for Vendetta (V for Vendetta Complete), Default, �37.10, http://books.toscrape.com/../media/cache/cc/8f/cc8fb914bfee31a7903a5cabaae64796.jpg
Until Friday Night (The Field Party #1), Young Adult, �46.31, http://books.toscrape.com/../media/cache/19/cf/19cf50aea5bf0e8f4bc016f3745b3dfe.jpg
Twenty Yawns, Childrens, �22.08, http://books.toscrape.com/../media/cache/2b/38/2b380f77723c797c0389f978afa6db58.jpg
Through the Woods, Sequential Art, �25.38, http://books.toscrape.com/../media/cache/4c/af/4caf8f2a5ee8828d408cc8faadd3419c.jpg
This Is Where It Ends, Young Adult, �27.12, http://books.toscrape.com/../media/cache/18/0b/180bfe1902cb3c0eb77d7c712efa2a96.jpg
The Year of Magical Thinking, Nonfiction, �43.04, http://books.toscrape.com/../media/cache/bf/e5/bfe526c22c7c08235c27a6474ebb4db9.jpg
The Wright Brothers, Default, �56.80, http://books.toscrape.com/../media/cache/02/2e/022e8b81ba1405991401bb46d6330c73.jpg
The White Queen (The Cousins' War #1), Add a comment, �25.91, http://books.toscrape.com/../media/cache/72/d8/72d861617b6d3aababe6e61e8d3c1056.jpg
The Wedding Pact (The O'Malleys #2), Romance, �32.61, http://books.toscrape.com/../media/cache/7e/67/7e67addd80caaf8a9f9e9daa9cf66bb2.jpg
The Time Keeper, Fiction, �27.88, http://books.toscrape.com/../media/cache/8f/f8/8ff8680dde59ea739d6978a01e4d7fe5.jpg
The Testament of Mary, Fiction, �52.67, http://books.toscrape.com/../media/cache/83/05/8305154438c91a02cefacf4ec8b53393.jpg
The Star-Touched Queen, Fantasy, �46.02, http://books.toscrape.com/../media/cache/53/5e/535e2be0b423797c2cdc7d98882c820a.jpg
The Songs of the Gods, Default, �44.48, http://books.toscrape.com/../media/cache/6c/a3/6ca34db7c01e554ad17bd3be74b561e3.jpg
The Song of Achilles, Add a comment, �37.40, http://books.toscrape.com/../media/cache/66/f7/66f79b76d6c6b64fcc8110515c454e09.jpg
The Rosie Project (Don Tillman #1), Default, �54.04, http://books.toscrape.com/../media/cache/f0/db/f0db1cf76d45f0522d4c8c3c39aa0dd8.jpg
The Power of Habit: Why We Do What We Do in Life and Business, Default, �16.88, http://books.toscrape.com/../media/cache/52/df/52dfc44f48cf29e7a9e305bcb63e1899.jpg
The Marriage of Opposites, Historical Fiction, �28.08, http://books.toscrape.com/../media/cache/0f/c2/0fc21ec3489cb23116778ee84f425eca.jpg
The Lucifer Effect: Understanding How Good People Turn Evil, Psychology, �10.40, http://books.toscrape.com/../media/cache/a6/c8/a6c8256b123493472591c5855c7de704.jpg
The Long Haul (Diary of a Wimpy Kid #9), Humor, �44.07, http://books.toscrape.com/../media/cache/46/bd/46bdee520b8136972262fd040533772d.jpg
The Loney, Horror, �23.40, http://books.toscrape.com/../media/cache/6d/10/6d10387a0175701d4ff456a0c7eee67b.jpg
The Literature Book (Big Ideas Simply Explained), Nonfiction, �17.43, http://books.toscrape.com/../media/cache/9e/ea/9eea51ac4a15d18aa976be459da30c47.jpg
The Last Mile (Amos Decker #2), Mystery, �54.21, http://books.toscrape.com/../media/cache/37/f1/37f118b4a56d866e1e8b563759d6966c.jpg
The Immortal Life of Henrietta Lacks, Add a comment, �40.67, http://books.toscrape.com/../media/cache/94/ac/94ac87da7b40853013093f08356efa3b.jpg
The Hidden Oracle (The Trials of Apollo #1), Fantasy, �52.26, http://books.toscrape.com/../media/cache/b4/67/b467a4f01ca6ae8464b9425a156c7c32.jpg
The Help Yourself Cookbook for Kids: 60 Easy Plant-Based Recipes Kids Can Make to Stay Healthy and Save the Earth, Food and Drink, �28.77, http://books.toscrape.com/../media/cache/c4/dc/c4dcec6f513eaca3f0f3c748d834c46d.jpg
The Guilty (Will Robie #4), Thriller, �13.82, http://books.toscrape.com/../media/cache/76/de/76deee06ffe45e646c0113af01f4f401.jpg
The First Hostage (J.B. Collins #2), Fiction, �25.85, http://books.toscrape.com/../media/cache/38/34/3834572e651cdc14b18d348fa4875aa9.jpg
The Dovekeepers, Add a comment, �48.78, http://books.toscrape.com/../media/cache/8f/3f/8f3f4d67e30a8129577ccc4664998345.jpg
The Darkest Lie, Young Adult, �35.35, http://books.toscrape.com/../media/cache/1d/3c/1d3c05b772ab846c111970232360d2c5.jpg
The Bane Chronicles (The Bane Chronicles #1-11), Fantasy, �44.73, http://books.toscrape.com/../media/cache/9a/33/9a333c4a06ce187c5c9d2f5969ddcac2.jpg
The Bad-Ass Librarians of Timbuktu: And Their Race to Save the World�s Most Precious Manuscripts, Nonfiction, �15.77, http://books.toscrape.com/../media/cache/88/90/8890073a9c9e3bb696f6baa84fb4dd95.jpg
The 14th Colony (Cotton Malone #11), Thriller, �39.24, http://books.toscrape.com/../media/cache/d9/1a/d91aae72af6c1cb2c63163acabe7895c.jpg
That Darkness (Gardiner and Renner #1), Mystery, �13.92, http://books.toscrape.com/../media/cache/44/9e/449ed681142bc336646abee754e96639.jpg
Tastes Like Fear (DI Marnie Rome #3), Mystery, �10.69, http://books.toscrape.com/../media/cache/3c/91/3c91d97266bd6dda322089695fb46daf.jpg
Take Me with You, Fiction, �45.21, http://books.toscrape.com/../media/cache/d8/a4/d8a44eda7cbe7bd1207f868e9adc06f3.jpg
Swell: A Year of Waves, Nonfiction, �45.58, http://books.toscrape.com/../media/cache/10/28/1028b2cf417e49dc1c14609e437a98e0.jpg
Superman Vol. 1: Before Truth (Superman by Gene Luen Yang #1), Sequential Art, �11.89, http://books.toscrape.com/../media/cache/7e/c0/7ec0e9ca6153a23b2024b7df7407ee84.jpg
Still Life with Bread Crumbs, Fiction, �26.41, http://books.toscrape.com/../media/cache/8e/c7/8ec7f310b74ddd7ec3c859e9b0da7389.jpg
Steve Jobs, Default, �39.50, http://books.toscrape.com/../media/cache/86/31/86313c225719ac946894d780c4ff0839.jpg
Sorting the Beef from the Bull: The Science of Food Fraud Forensics, Science, �44.74, http://books.toscrape.com/../media/cache/68/ca/68caaf9ac41964d5167a3eb67c638393.jpg
Someone Like You (The Harrisons #2), Contemporary, �52.79, http://books.toscrape.com/../media/cache/e3/d0/e3d05227f3fc24f0e0c84ccebe108fb0.jpg
Shtum, Fiction, �55.84, http://books.toscrape.com/../media/cache/03/16/0316bb6f4785ac69c0643109201bad5d.jpg
See America: A Celebration of Our National Parks & Treasured Sites, Travel, �48.87, http://books.toscrape.com/../media/cache/9a/7e/9a7e63f12829df4b43b31d110bf3dc2e.jpg
salt., Poetry, �46.78, http://books.toscrape.com/../media/cache/3f/41/3f4160ada0b16e3c64cd2d0dffe781c8.jpg
Robin War, Sequential Art, �47.82, http://books.toscrape.com/../media/cache/45/1d/451d3543022242b8b245793e6b5c26bb.jpg
Rain Fish, Childrens, �23.57, http://books.toscrape.com/../media/cache/bb/e2/bbe26db72b8a32117bfe4981b7cc8147.jpg
Pet Sematary, Horror, �10.56, http://books.toscrape.com/../media/cache/7a/72/7a72465b21dbf998323e37b31f9a3f4a.jpg
Once Was a Time, Childrens, �18.28, http://books.toscrape.com/../media/cache/97/12/971212afa8e4ff49d92f678bc889d8b7.jpg
Old School (Diary of a Wimpy Kid #10), Humor, �11.83, http://books.toscrape.com/../media/cache/df/5d/df5d172abe87deda6d533e3e908d27d8.jpg
No Dream Is Too High: Life Lessons From a Man Who Walked on the Moon, Nonfiction, �21.95, http://books.toscrape.com/../media/cache/b5/6f/b56ff04effb66fe701a22abd4a7f1667.jpg
My Name Is Lucy Barton, Fiction, �41.56, http://books.toscrape.com/../media/cache/ca/b1/cab150e556b5fab663a9fec00ed97943.jpg
My Mrs. Brown, Fiction, �24.48, http://books.toscrape.com/../media/cache/e0/79/e07906c1e507055da9a2260a74f58273.jpg
My Kind of Crazy, Young Adult, �40.36, http://books.toscrape.com/../media/cache/46/6e/466e9636819aad1126ac6cefb5313ba8.jpg
Mr. Mercedes (Bill Hodges Trilogy #1), Fiction, �28.90, http://books.toscrape.com/../media/cache/a7/f0/a7f092a7b79f848df0226f808fed489b.jpg
More Than Music (Chasing the Dream #1), Add a comment, �37.61, http://books.toscrape.com/../media/cache/3f/e7/3fe7073a5caac81929524d2d9488f928.jpg
Made to Stick: Why Some Ideas Survive and Others Die, Business, �38.85, http://books.toscrape.com/../media/cache/e2/2e/e22e4a82d97f9f0689d5295a98f5dcff.jpg
Luis Paints the World, Childrens, �53.95, http://books.toscrape.com/../media/cache/85/e7/85e75d5a9309da5807c82decf3d90263.jpg
Luckiest Girl Alive, Default, �49.83, http://books.toscrape.com/../media/cache/81/c0/81c0a1ce03db82568e2496db945a8227.jpg
Lowriders to the Center of the Earth (Lowriders in Space #2), Sequential Art, �51.51, http://books.toscrape.com/../media/cache/b2/97/b2978e96069dd91785e5ab0bc99c022e.jpg
Love Is a Mix Tape (Music #1), Music, �18.03, http://books.toscrape.com/../media/cache/a2/6d/a26d8449abb3381e09126eda5f4e8151.jpg
Looking for Lovely: Collecting the Moments that Matter, Nonfiction, �29.14, http://books.toscrape.com/../media/cache/61/1e/611e1804ad968e309a5f788d4ebc1cb4.jpg
Let It Out: A Journey Through Journaling, Nonfiction, �26.79, http://books.toscrape.com/../media/cache/51/fc/51fcd3e9384894e6a53a753d2ab856ee.jpg
Lady Midnight (The Dark Artifices #1), Default, �16.28, http://books.toscrape.com/../media/cache/89/a6/89a61d48e93bc92537c0a2cb2c0094bb.jpg
Island of Dragons (Unwanteds #7), Fantasy, �29.65, http://books.toscrape.com/../media/cache/75/b9/75b99691594fde72ccb1831624cfeff6.jpg
I Know What I'm Doing -- and Other Lies I Tell Myself: Dispatches from a Life Under Construction, Humor, �25.98, http://books.toscrape.com/../media/cache/ea/7b/ea7bcac4b27a5bf6d4f8125bb7af3361.jpg
I Am Pilgrim (Pilgrim #1), Fiction, �10.60, http://books.toscrape.com/../media/cache/ed/07/ed07c9e7c53d4f33a6eb7d41eb0e6d4a.jpg
Hold Your Breath (Search and Rescue #1), Romance, �28.82, http://books.toscrape.com/../media/cache/0b/89/0b89c3b317d0f89da48356a0b5959c1e.jpg
Hamilton: The Revolution, Nonfiction, �58.79, http://books.toscrape.com/../media/cache/34/ef/34ef0844cb1fbca6ab73444087fcf0e6.jpg
Greek Mythic History, Default, �10.23, http://books.toscrape.com/../media/cache/36/cf/36cf56c7bdf35aadbcc6f05a8e8d8fcb.jpg
God: The Most Unpleasant Character in All Fiction, Religion, �30.03, http://books.toscrape.com/../media/cache/1f/db/1fdb125bcb8cee71f3404b4dc293348c.jpg
Glory over Everything: Beyond The Kitchen House, Historical Fiction, �45.84, http://books.toscrape.com/../media/cache/96/41/964194a317f8ce5ed031bf4c9ceb43ab.jpg
Feathers: Displays of Brilliant Plumage, Art, �49.05, http://books.toscrape.com/../media/cache/f2/ee/f2ee668cf593ff13a9560c2801e9c2a2.jpg
Every Last Word, Default, �46.47, http://books.toscrape.com/../media/cache/92/e7/92e7f0a8ca38964fea93e911aefbf6c9.jpg
Eligible (The Austen Project #4), Fiction, �27.09, http://books.toscrape.com/../media/cache/26/3b/263bf5d128bf18553ea8da8bb19e9a0c.jpg
El Deafo, Sequential Art, �57.62, http://books.toscrape.com/../media/cache/34/eb/34eb0f1b570d4f1f6ad106652f1ac6ff.jpg
Eight Hundred Grapes, Fiction, �14.39, http://books.toscrape.com/../media/cache/8c/01/8c011092f05791961d25ec3cfcf0a832.jpg
Don't Get Caught, Young Adult, �55.35, http://books.toscrape.com/../media/cache/b2/df/b2df2ea409c5cf28538b67aff424b11f.jpg
Doctor Sleep (The Shining #2), Horror, �40.12, http://books.toscrape.com/../media/cache/55/bf/55bfc858c1cb19867e41415532ae43c6.jpg
Demigods & Magicians: Percy and Annabeth Meet the Kanes (Percy Jackson & Kane Chronicles Crossover #1-3), Fantasy, �37.51, http://books.toscrape.com/../media/cache/8f/80/8f8074d9f035c2a0ef8595ad89f7bcc8.jpg
Dear Mr. Knightley, Fiction, �11.21, http://books.toscrape.com/../media/cache/78/87/78873811f8c1d75a0c26d8cc8e6a9dbc.jpg
Daily Fantasy Sports, Default, �36.58, http://books.toscrape.com/../media/cache/44/ff/44ff81a2ea37d3946605e205ddd538eb.jpg
Crazy Love: Overwhelmed by a Relentless God, Christian, �47.72, http://books.toscrape.com/../media/cache/03/f1/03f1e337afadba35687672b5625a9757.jpg
Cometh the Hour (The Clifton Chronicles #6), Fiction, �25.01, http://books.toscrape.com/../media/cache/55/11/5511a4296fbd484dcaa89c8a2d25965d.jpg
Code Name Verity (Code Name Verity #1), Add a comment, �22.13, http://books.toscrape.com/../media/cache/f5/58/f55886d1bf600529a35e1bd932c78ca0.jpg
Clockwork Angel (The Infernal Devices #1), Default, �44.14, http://books.toscrape.com/../media/cache/ff/0e/ff0ee0002f510112b6d7a88f53366e1d.jpg
City of Glass (The Mortal Instruments #3), Fantasy, �56.02, http://books.toscrape.com/../media/cache/00/08/0008e65aa431ed3625ad3a4352f8e90d.jpg
City of Fallen Angels (The Mortal Instruments #4), Default, �11.23, http://books.toscrape.com/../media/cache/c9/40/c940b6c329ecc39aaed2ab0140592a4b.jpg
City of Bones (The Mortal Instruments #1), Default, �43.28, http://books.toscrape.com/../media/cache/96/af/96af4aaf25ab49b057c10b5b7eb7652c.jpg
City of Ashes (The Mortal Instruments #2), Default, �47.27, http://books.toscrape.com/../media/cache/68/da/68dab382d535305ca6025be9921df0d1.jpg
Cell, Add a comment, �20.29, http://books.toscrape.com/../media/cache/0b/97/0b97282ed82b771ed328e05386a84adb.jpg
Catching Jordan (Hundred Oaks), Young Adult, �50.83, http://books.toscrape.com/../media/cache/ad/ac/adac97366586d261feab30bf5220756e.jpg
Carrie, Default, �46.23, http://books.toscrape.com/../media/cache/c5/6f/c56f37eb53888765eb55f86fb7381c2f.jpg
Buying In: The Secret Dialogue Between What We Buy and Who We Are, Nonfiction, �37.80, http://books.toscrape.com/../media/cache/f2/fa/f2faa289117546efa0b4068a07778ab0.jpg
Brain on Fire: My Month of Madness, Nonfiction, �49.32, http://books.toscrape.com/../media/cache/88/aa/88aad1204951e0900906173b086e6695.jpg
Batman: Europa, Sequential Art, �32.01, http://books.toscrape.com/../media/cache/f1/fe/f1fecf0ce9b5771e4d2c9619e8550988.jpg
Barefoot Contessa Back to Basics, Food and Drink, �28.01, http://books.toscrape.com/../media/cache/b8/38/b838b65e0e1ac3a9b498dfb1bf004420.jpg
Barefoot Contessa at Home: Everyday Recipes You'll Make Over and Over Again, Food and Drink, �50.62, http://books.toscrape.com/../media/cache/74/aa/74aa29b1ba4147eaf5b46671bf235861.jpg
Balloon Animals, Fiction, �17.03, http://books.toscrape.com/../media/cache/6e/23/6e2324cae6335e8e98c8b46597afc9a3.jpg
Art Ops Vol. 1, Sequential Art, �48.80, http://books.toscrape.com/../media/cache/0b/b4/0bb4c64f1522c033368df5567a349472.jpg
Aristotle and Dante Discover the Secrets of the Universe (Aristotle and Dante Discover the Secrets of the Universe #1), Young Adult, �58.14, http://books.toscrape.com/../media/cache/61/1a/611aba0ef5b859ba1977ef30677b0194.jpg
Angels Walking (Angels Walking #1), Add a comment, �34.20, http://books.toscrape.com/../media/cache/50/0e/500eeb810e940424827580574e46852c.jpg
Angels & Demons (Robert Langdon #1), Default, �51.48, http://books.toscrape.com/../media/cache/b4/2a/b42a187c37de904f776070c57f51c756.jpg
All the Light We Cannot See, Historical, �29.87, http://books.toscrape.com/../media/cache/41/c3/41c37f7f0e03ee1144dd6fa89483b5d9.jpg
"Adulthood Is a Myth: A ""Sarah's Scribbles"" Collection", Sequential Art, �10.90, http://books.toscrape.com/../media/cache/a2/b9/a2b974e5a66e7502c77d2e4632abe033.jpg
Abstract City, Nonfiction, �56.37, http://books.toscrape.com/../media/cache/e7/70/e77019ebd71bcf6badb085bddf47c413.jpg
A Time of Torment (Charlie Parker #14), Mystery, �48.35, http://books.toscrape.com/../media/cache/e8/c0/e8c0ba15066bab950ae161fd60949b9a.jpg
A Study in Scarlet (Sherlock Holmes #1), Mystery, �16.73, http://books.toscrape.com/../media/cache/8f/a4/8fa41d6caa10e427356b8a590eb4d96b.jpg
A People's History of the United States, Add a comment, �40.79, http://books.toscrape.com/../media/cache/75/20/75200336c141156746000f7055df344a.jpg
A Man Called Ove, Fiction, �39.72, http://books.toscrape.com/../media/cache/9c/f1/9cf1f4a47b8d08909fc092e6ae598d83.jpg
A Distant Mirror: The Calamitous 14th Century, History, �14.58, http://books.toscrape.com/../media/cache/41/d5/41d5fa6a81cdbcbe6b0b15757a4c9144.jpg
A Brush of Wings (Angels Walking #3), Add a comment, �55.51, http://books.toscrape.com/../media/cache/4d/16/4d163d43cb4aa624e599330a39abace5.jpg
1491: New Revelations of the Americas Before Columbus, History, �21.80, http://books.toscrape.com/../media/cache/88/75/8875f384ce9103281b7f6e86a2b8204d.jpg
Searching for Meaning in Gailana, Fantasy, �38.73, http://books.toscrape.com/../media/cache/3b/04/3b045fe0394dc192950a0ec9e3812fe4.jpg
Rook, Add a comment, �37.86, http://books.toscrape.com/../media/cache/55/33/5533595a623c3bb947c4a5171fc2df08.jpg
My Kitchen Year: 136 Recipes That Saved My Life, Food and Drink, �11.53, http://books.toscrape.com/../media/cache/76/a1/76a1516c8d9c3e620626f30840013a85.jpg
13 Hours: The Inside Account of What Really Happened In Benghazi, Nonfiction, �27.06, http://books.toscrape.com/../media/cache/15/f7/15f78e0b04feb9b94e88865803cb5e9e.jpg
Will You Won't You Want Me?, Womens Fiction, �13.86, http://books.toscrape.com/../media/cache/16/e3/16e3ca741956485119251e7442a67e2e.jpg
Tipping Point for Planet Earth: How Close Are We to the Edge?, Science, �37.55, http://books.toscrape.com/../media/cache/56/97/5697f2f8f628129df01c5790985ffd9b.jpg
The Star-Touched Queen, Fantasy, �32.30, http://books.toscrape.com/../media/cache/d3/0d/d30dd8b6be6f9fcfd17178e8083238b6.jpg
The Silent Sister (Riley MacPherson #1), Fiction, �46.29, http://books.toscrape.com/../media/cache/30/2c/302cd9c84442e139145ec0993880d7e0.jpg
The Midnight Watch: A Novel of the Titanic and the Californian, Add a comment, �26.20, http://books.toscrape.com/../media/cache/97/3a/973a2c3462a18fc90d3b9662d959df37.jpg
The Lonely City: Adventures in the Art of Being Alone, Nonfiction, �33.26, http://books.toscrape.com/../media/cache/5c/5e/5c5e527fea6b17199773bb175b515aee.jpg
The Gray Rhino: How to Recognize and Act on the Obvious Dangers We Ignore, Add a comment, �59.15, http://books.toscrape.com/../media/cache/9f/25/9f255826f354776dda9afbd5576a7add.jpg
The Golden Condom: And Other Essays on Love Lost and Found, Psychology, �39.43, http://books.toscrape.com/../media/cache/dc/4d/dc4d070e33813a07a4e02f069e6d482f.jpg
The Epidemic (The Program 0.6), Young Adult, �14.44, http://books.toscrape.com/../media/cache/87/cd/87cd652c35e2a78535c83becae33cff2.jpg
The Dinner Party, Fiction, �56.54, http://books.toscrape.com/../media/cache/ba/76/ba761d23c5c0e5a0638e04739c69c5d0.jpg
The Diary of a Young Girl, Nonfiction, �59.90, http://books.toscrape.com/../media/cache/83/d5/83d5526864a108d27fd4b03dd31ec18b.jpg
The Children, Add a comment, �11.88, http://books.toscrape.com/../media/cache/d8/03/d803ab341d3020a3bb280d6135e4ae65.jpg
Stars Above (The Lunar Chronicles #4.5), Young Adult, �48.05, http://books.toscrape.com/../media/cache/fd/5b/fd5b14399052ab552e240ed18ab03c6d.jpg
Snatched: How A Drug Queen Went Undercover for the DEA and Was Kidnapped By Colombian Guerillas, Nonfiction, �21.21, http://books.toscrape.com/../media/cache/2a/f3/2af39796852729270fb23e05a662a42c.jpg
Raspberry Pi Electronics Projects for the Evil Genius, Default, �49.67, http://books.toscrape.com/../media/cache/a2/da/a2da8957b9cb8265d7f1dfeb0651f1c7.jpg
Quench Your Own Thirst: Business Lessons Learned Over a Beer or Two, Business, �43.14, http://books.toscrape.com/../media/cache/2d/fd/2dfdc52bcdbd82dee50372bc46c83e15.jpg
Psycho: Sanitarium (Psycho #1.5), Horror, �36.97, http://books.toscrape.com/../media/cache/02/5c/025c30a378e2a4190e84f1429e81b803.jpg
Poisonous (Max Revere Novels #3), Mystery, �26.80, http://books.toscrape.com/../media/cache/23/52/2352718971d5e166fa9541a5a7d716fa.jpg
One with You (Crossfire #5), Add a comment, �15.71, http://books.toscrape.com/../media/cache/b8/29/b829181ae95c8f020c1ad3273192de30.jpg
No Love Allowed (Dodge Cove #1), Young Adult, �54.65, http://books.toscrape.com/../media/cache/70/3e/703e053877204a396ec6e7beac863118.jpg
Murder at the 42nd Street Library (Raymond Ambler #1), Mystery, �54.36, http://books.toscrape.com/../media/cache/c3/8d/c38d65cd155b67ca025f0655bd1bb095.jpg
Most Wanted, Mystery, �35.28, http://books.toscrape.com/../media/cache/8b/bc/8bbc5ab4c3784b4d9b93eb0fd1fb6fd6.jpg
How to Speak Golf: An Illustrated Guide to Links Lingo, Default, �58.32, http://books.toscrape.com/../media/cache/d2/64/d264ad1af882ce391005dc7215ac90e7.jpg
Hide Away (Eve Duncan #20), Mystery, �11.84, http://books.toscrape.com/../media/cache/57/07/5707c3d5d4fd44d943d51730ba7d429a.jpg
Furiously Happy: A Funny Book About Horrible Things, Nonfiction, �41.46, http://books.toscrape.com/../media/cache/ab/2a/ab2ae4f02aa46271b4bfc77494039fc6.jpg
Everyday Italian: 125 Simple and Delicious Recipes, Food and Drink, �20.10, http://books.toscrape.com/../media/cache/5a/64/5a6499d41ccaad4c4f7eeaa90e16345a.jpg
Equal Is Unfair: America's Misguided Fight Against Income Inequality, Politics, �56.86, http://books.toscrape.com/../media/cache/00/11/001153d2a22d889837efac1703e10a5e.jpg
Eleanor & Park, Default, �56.51, http://books.toscrape.com/../media/cache/ed/d7/edd781d3c9d63a395f80f241445e88fa.jpg
Dirty (Dive Bar #1), Romance, �40.83, http://books.toscrape.com/../media/cache/ae/90/ae903f6f6d059954be4e85497dd76bf5.jpg
Can You Keep a Secret? (Fear Street Relaunch #4), Horror, �48.64, http://books.toscrape.com/../media/cache/0b/2f/0b2f432cc27132f688fcdf29618521e0.jpg
Boar Island (Anna Pigeon #19), Mystery, �59.48, http://books.toscrape.com/../media/cache/d5/81/d58157866ea8f015a8e4c55b23b8c96f.jpg
A Paris Apartment, Historical Fiction, �39.01, http://books.toscrape.com/../media/cache/16/57/16575316618bd7e922d5b0e0f87de2ca.jpg
Troublemaker: Surviving Hollywood and Scientology, Default, �48.39, http://books.toscrape.com/../media/cache/77/82/778285b3c87d6d5d98003aa0f2f65933.jpg
The Widow, Mystery, �27.26, http://books.toscrape.com/../media/cache/fd/71/fd71fb07247bf911505a351c0670c6dc.jpg
The Improbability of Love, Fiction, �59.45, http://books.toscrape.com/../media/cache/06/49/06493269f6893cfd24b650f66df51882.jpg
The Art of Startup Fundraising, Business, �21.00, http://books.toscrape.com/../media/cache/b3/7b/b37be83183f1dcb759d92bda8f8998a4.jpg
Take Me Home Tonight (Rock Star Romance #3), Romance, �53.98, http://books.toscrape.com/../media/cache/a6/4b/a64b3c559f59748bfdbbe75be3e16075.jpg
Sleeping Giants (Themis Files #1), Science Fiction, �48.74, http://books.toscrape.com/../media/cache/c0/72/c072c1ef144d571abd25fe9cc18cceba.jpg
Playing with Fire, Mystery, �13.71, http://books.toscrape.com/../media/cache/90/0b/900bd2e60d56b6480a4e8eb2dddb46d6.jpg
Off the Hook (Fishing for Trouble #1), Romance, �47.67, http://books.toscrape.com/../media/cache/1d/78/1d78fe226e1adb9cb591fa21f8a9bf68.jpg
